OBJECTID *,Stop Number,Latitude,Longitude,Type,Lights,Trash Can Orig,Trash Can,Color,GlobalID *,Stop_Name
58,7080,41.659477,-91.537787,Shelter,No,No,Trash Can Not Available,#0073e6,{C1A0E494-9AD0-4AEC-9DEA-FFAB80FA45C0},UI Main Library
84,7200,41.660076,-91.531817,Stop,No,No,Trash Can Not Available,#0073e6,{41D4C351-E270-4AFE-AFC0-1B36FD13899D},"Washington St & Linn St - IC Library, Senior Cente"
248,8103,41.656789,-91.544773,Stop,No,No,Trash Can Not Available,#0073e6,{FCE266CA-02D1-4AC1-A9B6-33BB5247249A},Melrose Ave & South Grand Ave
297,8286,41.654151,-91.528665,Stop,No,No,Trash Can Not Available,#0073e6,{5A74BF83-3251-4AEB-97E1-9EFB3AAB1D8F},Bowery St and Van Buren St
264,8122,41.650493,-91.552637,Shelter,Solar,Yes,Trash Can Is Available,#e60073,{6C3D8B40-E512-4DF6-B9D9-4DDF8B92D3FE},Benton St @ Seville Apartments
265,8123,41.650502,-91.554524,Shelter,Solar,Yes,Trash Can Is Available,#e60073,{75A395BD-DAD7-45FB-BC7F-5D47975E956E},Benton St & Oaknoll Dr
33,7027,41.640705,-91.52556,Stop,No,No,Trash Can Not Available,#0073e6,{02F91C79-822B-46A6-898D-37808E46EA07},Southgate @ Keokuk St
247,8102,41.656812,-91.546883,Stop,No,No,Trash Can Not Available,#0073e6,{B6EA883A-423D-4462-BCC7-83A401A81933},UIHC Family Care
263,8121,41.650561,-91.550372,Shelter,No,No,Trash Can Not Available,#0073e6,{CEDC8487-E4E3-4F22-B52B-0A39AA52D2DD},Greenwood Dr & Benton St
66,7105,41.653478,-91.525786,Stop,No,No,Trash Can Not Available,#0073e6,{352496D3-6486-403F-97A8-3A1296B9AB59},Dodge St & Bowery St
114,7248,41.657852,-91.521049,Stop,No,No,Trash Can Not Available,#0073e6,{3B823572-D24E-4874-9F46-132BD879A374},Burlington St & Summit St
135,7307,41.656802,-91.506238,Stop,No,No,Trash Can Not Available,#0073e6,{1D74C7D8-95CE-42DB-921A-781F44532976},Court St & 4th Ave - City High School
245,8100,41.6586,-91.5453,Stop,No,No,Trash Can Not Available,#0073e6,{5D1876C7-9795-4879-9DB4-5710FBCD9A4C},Grand Ave & South Grand Ave - UIHC Emergency Entra
96,7217,41.636211,-91.499507,Shelter,Solar,No,Trash Can Not Available,#0073e6,{0DF33D53-5BF0-4B06-988C-114AAB198030},The Quarters Inbound
29,7018,41.642781,-91.527938,Shelter,Solar,Yes,Trash Can Is Available,#e60073,{89994A06-19DA-4C04-99B0-99347E8D38E8},Boyrum St @ Hy Vee
217,8014,41.644854,-91.550984,Stop,No,No,Trash Can Not Available,#0073e6,{3C1798D0-9D05-4BF0-B575-2359033188CD},Walmart
8,257,41.663428,-91.546027,Shelter,Solar,No,Trash Can Not Available,#0073e6,{04C2AD89-9486-4772-8039-BB16BF24D038},Newton Rd Ramp
271,8203,41.659648,-91.550026,Stop,No,No,Trash Can Not Available,#0073e6,{FF9D9733-4656-47A3-A861-CB5B72E7CE07},"Hawkins Dr - UI Main Hospital, Kinnick Stadium"
9,263,41.662701,-91.543487,Shelter,No,No,Trash Can Not Available,#0073e6,{F22A8507-0D22-4CCA-9B1E-E39CB23C998C},Newton Rd - UI Student Health
328,7228,41.651508,-91.573992,Stop,No,No,Trash Can Not Available,#0073e6,{F83DD12D-0A19-4F95-9540-47B37461EFDC},Mormon Trek @ Cameron Way
277,8210,41.65561,-91.56429,Stop,No,No,Trash Can Not Available,#0073e6,{BDB998F1-A888-4A9B-8D27-9AFFE623BEA2},Melrose Ave @ IC Fire Station #2
124,7259,41.648439,-91.49878,Stop,No,No,Trash Can Not Available,#0073e6,{1F1CEF53-0F18-4B37-8C61-117A38F22B9A},William St @ Towncrest Medical Offices
59,7081,41.659372,-91.537663,Shelter,No,No,Trash Can Not Available,#0073e6,{84DEBF2F-D7AC-4315-AB1F-B29D24CD4E35},UI Main Library
301,8354,41.657066,-91.483131,Stop,No,No,Trash Can Not Available,#0073e6,{B3521D60-E764-4EAA-BD80-92F7FC88B210},Court St & Peterson
95,7216,41.636116,-91.499476,Stop,No,No,Trash Can Not Available,#0073e6,{F42BC101-FDB0-4B22-B162-D78E9A4B7242},The Quarters Outbound
146,7329,41.65786,-91.524213,Stop,No,No,Trash Can Not Available,#0073e6,{2B2C34A5-5916-4C79-8EB9-37053461C864},Burlington St & Lucas St
98,7219,41.643181,-91.507917,Stop,No,No,Trash Can Not Available,#0073e6,{8EAD8D2B-2A36-4C65-9E94-A1CF944B9DA0},Lower Muscatine @ Mall Dr
261,8119,41.65363,-91.550334,Shelter,No,No,Trash Can Not Available,#0073e6,{26CB3C63-9177-4F80-90C4-5919CBB90771},815 Oakcrest St
273,8205,41.657051,-91.550008,Stop,No,No,Trash Can Not Available,#0073e6,{7EE7BC09-B859-43D7-9D24-1F76DFF82C75},Hawkins Dr & Melrose Ave - UI Childrens Hospital
191,7519,41.65909,-91.50869,Stop,No,No,Trash Can Not Available,#0073e6,{45F52F49-B230-4907-8E5B-1643DE2CB36E},City High School PM
246,8101,41.656931,-91.547493,Stop,No,No,Trash Can Not Available,#0073e6,{414E5480-C34C-44DB-B8BE-A992CFE81908},UI Family Care
126,7261,41.647435,-91.497186,Stop,No,No,Trash Can Not Available,#0073e6,{9B4065C8-D1F6-467B-BB8D-5B19847318F5},Wayne Ave & Arthur St
28,7017,41.642599,-91.52806,Shelter,Solar,Yes,Trash Can Is Available,#e60073,{BABD8E99-E861-4705-A233-60098F028FA4},Boyrum St @ Hy Vee
121,7257,41.64952,-91.500414,Stop,No,No,Trash Can Not Available,#0073e6,{430C1D2A-2CDF-49DE-B444-080BA0B7436B},Muscatine Ave @ Wade St
132,7269,41.649663,-91.497201,Stop,No,No,Trash Can Not Available,#0073e6,{0C06FEBA-627A-4B66-8EB0-727EA50A0C1F},Muscatine Ave @ Arthur St
85,7201,41.660021,-91.530358,Stop,No,No,Trash Can Not Available,#0073e6,{F09A2F29-0992-4BA4-AA43-9795C6917B5D},Washington St & Gilbert St - Iowa City City Hall
292,8244,41.638995,-91.520431,Stop,No,No,Trash Can Not Available,#0073e6,{47665207-9792-4021-8C71-45C26B2E92AA},Crosspark Ave & Broadway St
3,146,41.661368,-91.538397,Stop,No,No,Trash Can Not Available,#0073e6,{4702B3AD-FB3C-4578-AFF5-89FB77B77C63},Iowa Ave - English Philosophy Building
10,264,41.662481,-91.54372,Shelter,No,No,Trash Can Not Available,#0073e6,{CBC127E4-F694-4B78-AD3F-C18450F9F941},Pappajohn Biomedical Discovery Building
154,7400,41.662323,-91.534534,Stop,No,No,Trash Can Not Available,#0073e6,{336A03BB-1E21-4AE1-93D9-DE1C28550885},Clinton St & Jefferson St
147,7330,41.6575,-91.4713,Stop,No,No,Trash Can Not Available,#0073e6,{96905050-7EDE-40F1-9BAD-238EB18EACA5},Court St  & Camden Rd
262,8120,41.652331,-91.548663,Stop,No,No,Trash Can Not Available,#0073e6,{CA4C168D-5A0B-4E94-B1B0-35333354F991},Woodside Place & Greenwood Dr
320,8350,41.64604,-91.578698,Stop,No,No,Trash Can Not Available,#0073e6,{909F2DC8-721A-4D99-AD8E-32DC982BEAE7},Rohret Rd & Ranier Dr
103,7227,41.649595,-91.503326,Shelter,No,No,Trash Can Not Available,#0073e6,{61C9EC15-233F-4554-8D27-EFF935F0D31E},Muscatine Ave & 2nd Ave - Walgreens Inbound
280,8215,41.656733,-91.506009,Stop,No,No,Trash Can Not Available,#0073e6,{3117CE2E-10C4-4BC5-8250-B789028A1116},Court St @ 4th Ave
91,7212,41.656928,-91.491752,Stop,No,No,Trash Can Not Available,#0073e6,{6CC2C8C8-DF55-4392-8B44-EC068BB2FDA1},Court St @ Westminster St
110,7241,41.657759,-91.527415,Stop,No,No,Trash Can Not Available,#0073e6,{03E3BEA7-6432-433F-BFBF-85B1EE040CF0},Burlington St & Johnson St
130,7267,41.649717,-91.491036,Shelter,Solar,Yes,Trash Can Is Available,#e60073,{6BB31FC3-395F-4F3E-94F5-89EB04D6E7E8},Muscatine Ave @ Autumn Park Apartments
209,8001,41.657854,-91.541675,Stop,No,No,Trash Can Not Available,#0073e6,{35E63346-F65D-4D54-BB87-B03FDBA36872},Riverside Dr and Burlington St @ Hydraulics Lab
284,8228,41.651772,-91.574135,Shelter,Solar,No,Trash Can Not Available,#0073e6,{AB677019-3013-4CAD-A572-BBC5903AA3EC},Mormon Trek Blvd & Cameron Way - Walden Plaza
75,7121,41.645289,-91.510418,Shelter,Solar,No,Trash Can Not Available,#0073e6,{4ADB69E9-880B-47ED-9C15-AA801A532380},Kirkwood Community College to Downtown
219,8023,41.6317,-91.5385,Stop,No,No,Trash Can Not Available,#0073e6,{55F9DDE9-8D8C-495E-87C4-693605E2E2D3},Thatcher / Baculus Trailer Park
281,8216,41.656698,-91.572551,Shelter,Solar,Yes,Trash Can Is Available,#e60073,{B745B1F4-E220-433D-A389-96BFD5A5E528},Melrose Ave & Finkbine Ln
10315,7341,<Null>,<Null>,Stop,No,No,Trash Can Not Available,#0073e6,{A78996DE-5F29-4FFD-85CC-DA80D7E18978},Whispering Prairie @ Whispering Meadow
30,7019,41.6408,-91.5281,Stop,No,No,Trash Can Not Available,#0073e6,{B1C37655-A936-4957-BCF2-69B6002D41B2},Boyrum St & Southgate Ave
268,8200,41.66375,-91.552278,Stop,No,No,Trash Can Not Available,#0073e6,{4E93CA57-E135-4C2E-881C-B1DAD84AFCD4},Newton Rd & Valley Ave
269,8200,41.66375,-91.552278,Stop,No,No,Trash Can Not Available,#0073e6,{801CC299-6F50-409D-8593-26F4AB7124FE},Newton Rd - Dental College
42,7053,41.633454,-91.501584,Shelter,Solar,No,Trash Can Not Available,#0073e6,{119CCE92-CDB0-4A75-9F8E-648A1E0FF1D0},Lakeside Dr & Nevada Ave
23,7012,41.649343,-91.5319,Stop,No,No,Trash Can Not Available,#0073e6,{13476379-9C35-4359-B391-6DA1ED06175A},Gilbert St & Kirkwood Ave
326,8271,41.641223,-91.566961,Stop,No,No,Trash Can Not Available,#0073e6,{043E8079-76FA-4F31-AF31-A3DB4AB41407},Westside Dr & Jeffrey St
244,8090,41.676289,-91.556519,Shelter,No,No,Trash Can Not Available,#0073e6,{22457083-3EA7-4DDD-B0A6-E94E287D8274},Walker Circle & Moses Bloom Ln
256,8112,41.653257,-91.559505,Shelter,Solar,No,Trash Can Not Available,#0073e6,{BC749981-C507-43D9-B542-635251C8FE24},Sunset St & Marietta Ave
7,256,41.663266,-91.545024,Shelter,No,No,Trash Can Not Available,#0073e6,{F1C745A4-3BE8-4C5A-AC94-0357B3A0D621},Newton Rd - MERF
39,7039,41.636926,-91.518285,Stop,No,No,Trash Can Not Available,#0073e6,{F8B1D5E0-BBEF-46D6-B6A0-DA5AC9A85DD1},Taylor Dr & Sandusky Dr
218,8015,41.647384,-91.544184,Stop,No,No,Trash Can Not Available,#0073e6,{A3B36B13-DA1D-4071-81C0-996BFEC5C89D},Hwy 1 West @ Slagers
113,7247,41.657725,-91.521328,Stop,No,No,Trash Can Not Available,#0073e6,{ADD8AAB3-0C8F-428A-9A76-D0EB806F1945},Burlington St and Summit St
213,8006,41.650233,-91.540074,Stop,No,No,Trash Can Not Available,#0073e6,{79E7DF88-E121-4406-BB29-AA2E75BCBBEB},Riverside Dr & Benton St
81,7132,41.636438,-91.483296,Shelter,No,No,Trash Can Not Available,#0073e6,{0A4BBC8D-F4E1-45C8-993C-93467B9B3152},Heinz Rd & Scott Blvd
260,8118,41.652588,-91.551566,Stop,No,No,Trash Can Not Available,#0073e6,{02A2C955-CB1C-4A8D-BF34-6E574055CD7B},Oakcrest St & Woodside Dr
195,7532,41.671801,-91.525407,Stop,No,No,Trash Can Not Available,#0073e6,{26BE75D5-ABE1-4B87-B1F6-E1A93B48851A},900 North Dodge St
173,7440,41.663545,-91.522672,Stop,No,No,Trash Can Not Available,#0073e6,{F381610B-85A4-4147-AA51-FFA86F845A76},Market St & Governor St
100,7221,41.674885,-91.522109,Stop,No,No,Trash Can Not Available,#0073e6,{115280D8-FCEC-4DA1-8EA1-B5F9D558875C},North Dodge St
82,7134,41.6415,-91.50583,Stop,No,No,Trash Can Not Available,#0073e6,{010CD186-73C9-48BB-B50B-7F8B84D87F9D},Eastdale Plaza
127,7262,41.647489,-91.49404,Shelter,No,No,Trash Can Not Available,#0073e6,{FCB19633-706C-4B39-9757-AA3505C901D3},Wayne Ave & Dover St
56,7078,41.656679,-91.537552,Stop,No,No,Trash Can Not Available,#0073e6,{D6E8E8B4-DD42-4FAF-9A73-B8DF5AA6B72C},Court St & Madison St
57,7078,41.656679,-91.537552,Stop,No,No,Trash Can Not Available,#0073e6,{285E1132-12A9-4322-A289-BDB52090B401},Court St & Madison St
294,8270,41.63876,-91.565766,Shelter,No,Yes,Trash Can Is Available,#e60073,{EC4345F7-ABB2-410C-A353-27E4DA2064B2},Westside Dr & Earl Rd
258,8114,41.65174,-91.559452,Stop,No,No,Trash Can Not Available,#0073e6,{56E3D940-2479-4F8B-9EC2-B521B1BC4689},Sunset St & Oakcrest St<br />stp_d
10314,7306,<Null>,<Null>,Stop,No,No,Trash Can Not Available,#0073e6,{F847E03C-00BD-4853-9206-98A37BC1ECE8},Washington St @ Dodge St
69,7109,41.649484,-91.525934,Stop,No,No,Trash Can Not Available,#0073e6,{CC4339B3-BDF4-40EC-ADA9-7E278AC4F301},Kirkwood Ave & Dodge St
315,8346,41.644059,-91.596782,Stop,No,No,Trash Can Not Available,#0073e6,{C1651996-1315-4EAB-A93F-203793BEC3AE},Rohret Rd - Irving Weber School
197,7534,41.66749,-91.52575,Stop,No,No,Trash Can Not Available,#0073e6,{40C64BCD-EDE4-4FF1-8037-4667A8666703},North Dodge St & Church - Horace Mann Elementary
329,7223,41.64846,-91.57404,Stop,No,No,Trash Can Not Available,#0073e6,{9BC3F4AA-8784-4EB8-85A9-9B4B161165F6},Mormon Trek Blvd & W Benton St
240,8086,41.679926,-91.548289,Shelter,No,No,Trash Can Not Available,#0073e6,{98BB7455-0D30-4FA6-8797-A56C03FA1EE0},Foster Rd & Algonquin Rd
108,7237,41.656798,-91.511489,Stop,No,No,Trash Can Not Available,#0073e6,{61E1845E-1B81-4268-AFAB-21EC127C12D1},Court St & 7th Ave
159,7421,41.666516,-91.501408,Shelter,No,No,Trash Can Not Available,#0073e6,{1BB32DB9-0416-4283-B571-CB75D6B2729C},Rochester Ave & 1st Ave
212,8004,41.649477,-91.520825,Stop,No,No,Trash Can Not Available,#0073e6,{583430EA-5380-4A6C-B1A8-A487C57EC486},Kirkwood Ave & Summit St
12,7002,41.656551,-91.533343,Stop,No,Yes,Trash Can Is Available,#e60073,{DB4CBFD9-F668-44FA-BC1A-F1534EEDCFCF},Court St & Dubuque St
74,7002,41.656551,-91.533343,Stop,No,Yes,Trash Can Is Available,#0073e6,{6AF048F7-4F46-46C0-BD2B-24EAAA3E7F1B},Lower Muscatine Ave & Pine St
327,8330,41.654167,-91.57405,Stop,No,No,Trash Can Not Available,#0073e6,{7111CFAC-1A73-4639-86CD-A8071A7B8B14},Mormon Trek Blvd & Bartelt Rd
77,7126,41.631385,-91.490295,Stop,No,No,Trash Can Not Available,#0073e6,{E54FDF8E-9410-4E2C-9EC0-F9B3696E2D06},Hwy 6 East & Heinz Rd
162037,1539,<Null>,<Null>,Stop,No,<Null>,Trash Can Not Available,#0073e6,{0B446307-DB3A-40DE-9952-BF8720DA1DAF},Benton St @ Streb St
92,7213,41.656887,-91.497116,Stop,No,No,Trash Can Not Available,#0073e6,{4E87AD15-7A91-4B05-AF84-C271C05A992C},Court St @ Washington Park Rd
128,7263,41.646928,-91.491164,Stop,No,No,Trash Can Not Available,#0073e6,{77EB831E-13A8-4833-BD5F-E6BA828ED1A1},Wayne Ave & Village Rd
137,7311,41.656853,-91.501806,Stop,No,No,Trash Can Not Available,#0073e6,{E1B60C7F-DB8E-42D5-99A2-FA37A1E1CB94},Court St & 1st Ave
71,7111,41.649486,-91.523301,Stop,No,No,Trash Can Not Available,#0073e6,{11F2B278-4648-4068-A5DB-1BAFE261A025},Kirkwood Ave & Keokuk St
152,7339,41.66336,-91.471937,Stop,No,No,Trash Can Not Available,#0073e6,{540A862C-686D-4298-9585-F41BCADC8A69},York Pl & Brentwood Ln
190,7517,41.63503,-91.49792,Stop,No,No,Trash Can Not Available,#0073e6,{8A9C4BCE-FD65-4B6C-A340-64D6E95BA2B6},Lakeside Dr & Hwy 6
131,7268,41.6497,-91.4938,Stop,No,No,Trash Can Not Available,#0073e6,{EF17BDB6-7E6F-4238-BE9D-8213E7940B27},Muscatine Ave & Dover St
64,7102,41.643325,-91.508289,Stop,No,No,Trash Can Not Available,#0073e6,{7674B970-B1F4-46D6-B404-1AC9A84E627D},Lower Muscatine Ave Iowa City Marketplace
157,7409,41.663984,-91.518208,Temp Closed,No,No,Trash Can Not Available,#0073e6,{4A4395CE-3DF3-44D8-959C-2FD6D0EC0CEC},Rochester Ave @ Mott St.
287,8232,41.638147,-91.50379,Stop,No,No,Trash Can Not Available,#0073e6,{2BD731D3-EC20-47BD-89EC-B409948ADB2A},Hollywood Blvd. @ Fairmeadows Blvd.
117,7252,41.656595,-91.514579,Stop,No,No,Trash Can Not Available,#0073e6,{DFA32FF7-1365-4AAD-8714-375FA0255993},Muscatine Ave & Court St
291,8242,41.656869,-91.577568,Stop,No,No,Trash Can Not Available,#0073e6,{1E15F329-1B87-4338-9E6C-F75CAB20984F},Westwinds Dr @ Melrose Ave
116,7250,41.657322,-91.515631,Stop,No,No,Trash Can Not Available,#0073e6,{E7F2D4AC-D5B0-4799-B293-13F8CE2B0F37},Court St @ Muscatine Ave
119,7254,41.65446,-91.511527,Stop,No,No,Trash Can Not Available,#0073e6,{FC033D77-69B1-4576-964B-CBC5B32C0BB7},Muscatine Ave & 7th Ave
73,7115,41.64941,-91.515591,Stop,No,No,Trash Can Not Available,#0073e6,{FE8AA08B-7191-4462-868B-31035AF63B35},Kirkwood Ave &  Franklin St
207,7750,41.649508,-91.532305,Stop,No,No,Trash Can Not Available,#0073e6,{88B2DE80-0A4F-4329-BA31-224D2A20CC2A},Kirkwood Ave & Gilbert St
215,8012,41.646335,-91.549913,Stop,No,No,Trash Can Not Available,#0073e6,{11862614-AA02-48D1-890A-6D35FA7F9AC9},Ruppert Rd & Hwy 1 West
47,7060,41.63538,-91.518202,Stop,No,No,Trash Can Not Available,#0073e6,{9C44B38D-A9AF-4802-A504-32662270001B},Burns Ave & Taylor Dr
228,8067,41.633351,-91.500105,Stop,No,No,Trash Can Not Available,#0073e6,{9818290A-BC82-4869-A180-D45440888F72},Lakeside Dr @ Whispering Prairie Ave
27,7016,41.645848,-91.531827,Stop,No,No,Trash Can Not Available,#0073e6,{731DEEBD-021B-412C-BB78-41629030D4D1},Highland Ave @ Gilbert St
87,7206,41.663606,-91.531451,Stop,No,No,Trash Can Not Available,#0073e6,{36BDE4F9-D97F-4654-AE6C-EE180F3847C4},Market St & Linn St
211,8003,41.653157,-91.540303,Stop,No,No,Trash Can Not Available,#0073e6,{0C594BBC-173D-4E24-8693-021A43FA9E36},Riverside Dr @ Myrtle Ave
150,7337,41.660763,-91.468857,Stop,No,No,Trash Can Not Available,#0073e6,{C60DE5D4-35FA-4A31-B877-DBAF3BD0987E},Ashford Pl & Chadwick Pl
14,7003,41.656668,-91.533013,Stop,No,No,Trash Can Not Available,#0073e6,{7F23C9CB-8C89-4118-B0E7-479019F9137B},Court St & Dubuque St
176,7443,41.663591,-91.528273,Stop,No,No,Trash Can Not Available,#0073e6,{519C4A44-1EF7-49F9-BF64-D67B504EED47},Mercy Hospital
155,7401,41.662408,-91.531821,Stop,No,No,Trash Can Not Available,#0073e6,{E1624C6B-6A9B-43DD-88B7-AA113B2B5420},Jefferson St & Linn St
237,8082,41.684282,-91.540516,Stop,No,No,Trash Can Not Available,#0073e6,{724B5B4B-0BBF-4BB1-83EC-488E9113BFC1},Forest View Trailer Park
186,7509,41.676883,-91.51711,Stop,No,No,Trash Can Not Available,#0073e6,{CDA65328-296A-4CDB-BDB6-6F3A4B779914},North Dodge St @ Hy Vee
251,8106,41.656869,-91.554307,Stop,No,No,Trash Can Not Available,#0073e6,{CEDB03A2-D9D8-485F-860B-30AD12B9FC2C},Melrose Ave & Koser Ave
88,7207,41.662626,-91.534682,Stop,No,No,Trash Can Not Available,#0073e6,{D20E5783-098E-46D8-9A58-278E8298BE75},Clinton St & Jefferson St
167,7434,41.661108,-91.488156,Stop,No,No,Trash Can Not Available,#0073e6,{7917D5D0-3691-4219-8F76-E4BE890B72B0},Washington St @ Lemme Elementary
286,8231,41.633519,-91.511535,Stop,No,No,Trash Can Not Available,#0073e6,{D24E8728-EA63-4188-B6D1-EF0BC8AB5DDA},Lakeside Dr. @ Sycamore St
254,8110,41.655648,-91.559595,Stop,No,No,Trash Can Not Available,#0073e6,{67EA4874-5C75-4ABF-BD5B-C36F17DFA882},Sunset St & Melrose Ave
232,8071,41.660151,-91.483815,Stop,No,No,Trash Can Not Available,#0073e6,{42649719-CECB-4D2F-A9C2-696FB8FBEED5},Washington St @ Amhurst St.
120,7256,41.651861,-91.5077,Stop,No,No,Trash Can Not Available,#0073e6,{76446F48-ACA3-4F0D-BD4D-812EAE394542},Muscatine Ave & 5th Ave
224,8061,41.660381,-91.482117,Stop,No,No,Trash Can Not Available,#0073e6,{2C58C247-36B6-4680-B0FE-0FCFBDADF1EF},N. Scott Blvd @ E Washington St.
90,7211,41.657033,-91.484605,Stop,No,No,Trash Can Not Available,#0073e6,{E7A0B2A1-6CC4-4035-88F8-CD2FEAB61917},Court St @ Friendship St
239,8085,41.68002,-91.548324,Stop,No,No,Trash Can Not Available,#0073e6,{D7AAE77A-2B0D-4D58-A342-A1EBF81C767E},Foster Rd & Algonquin Rd
325,8273,41.637592,-91.568094,Stop,No,No,Trash Can Not Available,#0073e6,{20FE439B-257F-46E7-878A-1802735F6A03},Westside Dr & Morman Trek Blvd
61872,7419,<Null>,<Null>,Stop,No,No,Trash Can Not Available,#0073e6,{2FBC1196-F8C4-4811-9015-7E644E6AA859},Regina Education Center - Inbound
115,7249,41.657774,-91.516603,Stop,No,No,Trash Can Not Available,#0073e6,{67A4BC69-8C46-47A3-9A58-EB719801F581},Burlington St & Muscatine Ave
89,7209,41.659588,-91.473299,Stop,No,No,Trash Can Not Available,#0073e6,{DC63EC46-CA27-412F-AA1C-876CDF9E2F64},Kenneth Dr @ Gustav St
309,8070,41.64551,-91.598848,Stop,No,No,Trash Can Not Available,#0073e6,{1B503C31-59B6-4062-9056-08A6A981FF90},Wild Prairie Dr @ El Paso Dr
67,7108,41.6494,-91.5258,Stop,No,No,Trash Can Not Available,#0073e6,{17227A52-C4A0-4C9D-A771-4A6D57571A5B},Kirkwood Ave & Dodge St
68,7108,41.6494,-91.5258,Stop,No,No,Trash Can Not Available,#0073e6,{7831C14F-907A-4983-BFA1-91EB74677B22},Kirkwood Ave & Dodge St
134,7304,41.656807,-91.508584,Stop,No,No,Trash Can Not Available,#0073e6,{95C31B0D-A264-4D02-A77C-67099411ED2F},Court St & Morningside Dr
299,8345,41.65926,-91.549833,Stop,No,No,Trash Can Not Available,#0073e6,{BD758539-C2C9-45AD-B2DA-E4E76492CA41},Hawkins Dr @ Hospital Loop Dr
162045,7108,41.6494,-91.5258,Stop,No,No,Trash Can Not Available,#0073e6,{AF3C2189-A810-46B7-94BD-56D9BDF2D034},Lower Muscatine Rd @ Fairmeadows Blvd
222,8059,41.667003,-91.483005,Stop,No,No,Trash Can Not Available,#0073e6,{DE968C3D-11AF-4FC3-A4F0-3C7E56B2A4AB},Scott Blvd. @ Middlebury Rd.
267,8150,41.655546,-91.560114,Stop,No,No,Trash Can Not Available,#0073e6,{2DC548DE-C473-4D43-BF81-CE29730F7768},Melrose Ave & Sunset St
21,7010,41.651021,-91.531607,Stop,No,No,Trash Can Not Available,#0073e6,{93DD2F3F-F520-4161-8A3D-DA52D04B18F3},Gilbert St & Benton St
236,8081,41.6496,-91.564,Stop,No,No,Trash Can Not Available,#0073e6,{D26B4F37-7CDC-41FE-BAC6-619F0BC85077},Horn Elementary
285,8229,41.650926,-91.575577,Stop,No,No,Trash Can Not Available,#0073e6,{A14F03D3-DD53-4589-8B09-26B38EEA23C9},Westwinds Dr - Walden Plaza
318,8349,41.64604,-91.580815,Stop,No,No,Trash Can Not Available,#0073e6,{9234DBD0-9695-45CB-87AE-76B698BEBEE2},Rohret Rd & Shannon Dr
118,7253,41.654478,-91.511689,Stop,No,No,Trash Can Not Available,#0073e6,{806191DA-6C0C-4749-82CC-0998C678B47F},Muscatine Ave & 7th Ave
208,8000,41.63762,-91.489271,Shelter,No,No,Trash Can Not Available,#0073e6,{A8F88BD8-DFF9-4F32-A878-75EC90867A2E},ALPLA
235,8080,41.649634,-91.487479,Stop,No,No,Trash Can Not Available,#0073e6,{5AB36252-9C70-4CA9-B90D-37649AF10E9B},Village Green Blvd @ Muscatine Ave
26,7015,41.646353,-91.531932,Stop,No,No,Trash Can Not Available,#0073e6,{F71A7371-D71A-42CA-892D-A58D6BA10FEB},Gilbert St & 3rd Ave
180,7500,41.65672,-91.530291,Stop,No,No,Trash Can Not Available,#0073e6,{52EAEFCD-5903-4FCB-90CB-49A6EF365090},Gilbert St @ Court St
175,7442,41.66366,-91.525792,Stop,No,No,Trash Can Not Available,#0073e6,{4267A6F0-5692-47C0-B639-9D6A07273FBE},North Dodge St & Market St
10312,8334,<Null>,<Null>,Stop,No,No,Trash Can Not Available,#0073e6,{8C332A48-22FB-4440-979E-FB074C62D66D},Irving Ave @ Shannon Dr
144,7327,41.657,-91.4831,Stop,No,No,Trash Can Not Available,#0073e6,{F494F22A-1FEC-4164-94C7-35B6EF357298},Court St  & Peterson St
93,7214,41.641423,-91.505939,Stop,No,No,Trash Can Not Available,#0073e6,{6D543F0F-2358-457C-A747-AD518325E9A5},Earl May
249,8104,41.656842,-91.550136,Stop,No,No,Trash Can Not Available,#0073e6,{D6526000-8009-4DF7-A4D8-902216FA0ADE},Melrose Ave & Hawkins Dr<br />stp_dsc
34,7033,41.637383,-91.520839,Stop,No,No,Trash Can Not Available,#0073e6,{BC2DC4A4-EB59-4E3B-9DB3-E7599012CEF5},Sandusky Dr & Broadway St
111,7243,41.657952,-91.530024,Stop,No,No,Trash Can Not Available,#0073e6,{E46DBC91-6AC7-47BD-93C2-FF03A21AE3D0},Bulington St & Gilbert St - City Hall/Rec. Center
174,7441,41.663568,-91.52563,Stop,No,No,Trash Can Not Available,#0073e6,{2FC6887D-6BA9-4FAF-8884-9E8908253B70},Market St & Dodge St
168,7435,41.660602,-91.492265,Shelter,No,No,Trash Can Not Available,#0073e6,{1CB6D72A-52A1-4755-9D34-67A8015485AF},Washington St @ Westminster St
179,7454,41.662629,-91.537749,Stop,No,No,Trash Can Not Available,#0073e6,{A88C938E-58BF-4671-A6CA-888CF16DD07E},Madison St @ IMU
162043,7117,<Null>,<Null>,Stop,<Null>,<Null>,Trash Can Not Available,#0073e6,{2E310D62-C465-4D18-A308-DCE1710CF8D1},Lower Muscatine Rd @ Pine St
310,8340,41.68761,91.598278,Stop,No,No,Trash Can Not Available,#0073e6,{046CA4C6-7B29-4E40-84C2-338668947AA2},Wild Prairie Dr & Prairie Grass Ln
153,7343,41.657022,-91.476446,Stop,No,No,Trash Can Not Available,#0073e6,{BFE8DA10-75C5-4FCF-931E-E0D94F2502E0},Court St @ Court St Trail
129,7265,41.648042,-91.488107,Shelter,No,No,Trash Can Not Available,#0073e6,{8E14951A-FEC8-468C-9717-0627ABA1E544},Village Rd & Village Green Blvd
20,7009,41.6512,-91.5317,Stop,No,No,Trash Can Not Available,#0073e6,{50C09F88-87E3-4B1E-9421-493494DE1F64},Gilbert St & Benton St
36,7035,41.639034,-91.520635,Stop,No,No,Trash Can Not Available,#0073e6,{C2307C7D-6D64-4BA7-BB65-22BF71911357},Crosspark Ave & Broadway St
231,8069,41.633474,-91.505345,Stop,No,No,Trash Can Not Available,#0073e6,{7D374E88-2951-48A4-BCE5-51A12DB86540},Lakeside Dr @ Amber Ln
15,7004,41.656677,-91.533498,Stop,No,Yes,Trash Can Is Available,#e60073,{A2422492-D8FE-4AC9-9938-76BEF2090967},Court St Transportation Center
230,8068,41.634995,-91.497781,Stop,No,No,Trash Can Not Available,#0073e6,{9DA39771-49A7-441D-94DD-D17A25D8DC91},Lakeside Dr @ Frontage Rd
102,7226,41.649516,-91.503637,Stop,No,No,Trash Can Not Available,#0073e6,{71A75E16-F1EC-4DC5-9266-9C0438D4973A},Muscatine Ave & 2nd Ave - Walgreens
18,7007,41.654527,-91.53033,Stop,No,No,Trash Can Not Available,#0073e6,{76FDBEE3-7F26-4716-8719-68CBD73B43FE},Gilbert St & Prentiss St
41,7047,41.646142,-91.53214,Stop,No,No,Trash Can Not Available,#0073e6,{3D3127BC-8B56-421C-AF54-83381EC81A09},"Systems Unlimited, Inc"
112,7244,41.657943,-91.532971,Stop,No,No,Trash Can Not Available,#0073e6,{350BB3B0-B906-4D99-A3E2-7D8D9670A6DF},Burlington St & Dubuque St
50,7070,41.645832,-91.53041,Stop,No,No,Trash Can Not Available,#0073e6,{B656EB69-1055-433B-85DF-8CB5CA4A0458},Highland Ave & Gilbert Court
162039,7046,<Null>,<Null>,<Null>,<Null>,<Null>,Trash Can Not Available,#0073e6,{5EC50256-C64B-4877-BC1B-9F09B3978E58},Washington St @ City Hall
223,8060,41.664636,-91.483028,Stop,No,No,Trash Can Not Available,#0073e6,{34362AAD-632C-4060-803B-3259C59EFB63},N Scott Blvd @ Lower West Branch Rd.
259,8115,41.652037,-91.554316,Stop,No,No,Trash Can Not Available,#0073e6,{E8356212-E0EE-41B5-A909-48686087DD34},Oaknoll Retirement Center #2
16,7005,41.656546,-91.5304,Stop,No,No,Trash Can Not Available,#0073e6,{D77E2412-101D-4CD9-8181-11E0106131A6},Court St & Gilbert St
94,7215,41.638283,-91.503882,Stop,No,No,Trash Can Not Available,#0073e6,{E87035A6-F2A4-4514-9AB0-C0A487AD498E},Fairmeadows Blvd @ Hollywood Blvd
290,8241,41.646362,-91.498787,Stop,No,No,Trash Can Not Available,#0073e6,{937044D8-7373-4FEA-B284-3AC20B546A84},William St & Bradford Dr - SEJH
43,7054,41.633472,-91.504395,Stop,No,No,Trash Can Not Available,#0073e6,{2E2AC35A-4E1F-4F21-8817-502B306A5F4F},Lakeside Dr & Miami Dr
22,7011,41.649528,-91.532079,Stop,No,No,Trash Can Not Available,#0073e6,{0A954192-76F1-40D1-8D95-B6A857FA59D0},Gilbert St & Kirkwood Ave
323,8279,41.642128,-91.573883,Stop,No,No,Trash Can Not Available,#0073e6,{B8068F24-5ECA-422B-B682-C1B67A07975C},Mormon Trek Blvd & Plaen View Dr
233,8078,41.680935,-91.535544,Stop,No,No,Trash Can Not Available,#0073e6,{3040E24E-D598-42EA-95B5-892F2438530C},Foster Rd & Dubuque St
51,7071,41.651178,-91.534559,Stop,No,No,Trash Can Not Available,#0073e6,{979E33E6-3F56-44A8-A5C1-D0730821E52A},Benton St & Clinton St
65,7104,41.654066,-91.526022,Stop,No,No,Trash Can Not Available,#0073e6,{4390DC07-8800-4116-8CCE-426C10A3A57B},Bowery St  & Dodge St
196,7533,41.670221,-91.52572,Stop,No,No,Trash Can Not Available,#0073e6,{B63C9380-D75B-44FA-86B8-03001EB9E8C2},North Dodge St & Brown St
221,8058,41.667744,-91.487219,Stop,No,No,Trash Can Not Available,#0073e6,{2E75553A-BADF-4BBF-97E4-BDB157CA1300},Rochester Avenue @ Amhurst Street
10317,7234,<Null>,<Null>,Stop,No,No,Trash Can Not Available,#0073e6,{4F82C3DF-0244-4FF5-BEDD-66A0FFAD1418},Sunset St @ Highway 1 Trail
340,7428,41.64281,-91.533443,Stop,No,No,Trash Can Not Available,#0073e6,{04AA0607-0D54-4D65-86FD-3EC9767A0360},Gilbert St @ Stevens Dr
243,8089,41.677103,-91.554662,Stop,No,No,Trash Can Not Available,#0073e6,{1A769DF5-3832-4064-872D-5726CEE46F54},Swisher St & Foster Rd
339,8054,41.64105,-91.533397,Stop,No,No,Trash Can Not Available,#0073e6,{52B43DE8-DB82-448B-87BE-C82B3AE73347},Southgate Ave @ Gilbert St
31,7023,41.662364,-91.537586,Stop,No,No,Trash Can Not Available,#0073e6,{10D291E9-2998-40D0-9D46-5D4908AEC924},Madison St and Jefferson St
288,8234,41.6496,-91.5669,Stop,No,No,Trash Can Not Available,#0073e6,{0BC6A293-FE0B-4142-ABA1-F930359C5E08},Benton St & Westgate St
250,8105,41.65695,-91.553999,Stop,No,No,Trash Can Not Available,#0073e6,{14E4CCBE-BD84-443F-AE50-BF0629A021D7},Melrose Ave & Golfview Ave
319,8352,41.64618,-91.58058,Stop,No,No,Trash Can Not Available,#0073e6,{857D2CD7-4AB7-4E62-AC9B-2DD8011437E2},Rohret Rd @ Shannon Dr
274,8207,41.657756,-91.549837,Stop,No,No,Trash Can Not Available,#0073e6,{69BC1263-4A45-43EA-B621-129D1AEEE002},"Ramp 2, Papajohn & Pomerantz"
324,8275,41.639733,-91.572166,Stop,No,No,Trash Can Not Available,#0073e6,{4F8F938D-247A-4EC6-A474-6BD1C3AEF12F},Morman Trek Blvd & Gryn Dr
149,7335,41.654068,-91.52745,Stop,No,No,Trash Can Not Available,#0073e6,{A5224187-58D1-49DD-9762-0976A5D3D286},Bowery St  & Johnson St
253,8109,41.655488,-91.559764,Stop,No,No,Trash Can Not Available,#0073e6,{0B8BC544-A199-4465-A0B6-832B730A31D3},Sunset St & Melrose Ave
52,7072,41.651189,-91.536101,Stop,No,No,Trash Can Not Available,#0073e6,{76D15CE3-2510-4308-8CA7-3703FA8C669F},Benton St & Capitol St
169,7436,41.660572,-91.495279,Stop,No,No,Trash Can Not Available,#0073e6,{F759338B-D66E-4F4B-9AEE-7B95400D3603},Washington St @ Green Mountain Dr
142,7318,41.656964,-91.484887,Shelter,No,No,Trash Can Not Available,#0073e6,{BE5D8D12-6BE4-4D47-94F8-FD441698A11D},Court St & Friendship Ave
242,8088,41.67719,-91.554569,Stop,No,No,Trash Can Not Available,#0073e6,{0B2B921C-A1BD-42B4-9738-6ACBE0D83CA8},Foster Rd & Swisher St
322,8281,41.643287,-91.574071,Stop,No,No,Trash Can Not Available,#0073e6,{5D020670-3A8E-40DB-9D53-3F90BCF4B520},Mormon Trek Blvd & Abbey Ln
193,7523,41.683076,-91.504813,Stop,No,No,Trash Can Not Available,#0073e6,{7F21CF48-5186-4908-9AE7-2A1C1D97400A},North Dodge St & ACT Circle
194,7523,41.683076,-91.504813,Stop,No,No,Trash Can Not Available,#0073e6,{83330E69-59B5-4F3F-803F-49EA72039D6F},North Dodge St & ACT Circle
54,7074,41.654348,-91.536163,Stop,No,No,Trash Can Not Available,#0073e6,{36D275C5-3031-41F7-9785-2F75AD5CC01B},Capitol St & Prentiss St
311,8339,45.649312,-91.595723,Stop,No,No,Trash Can Not Available,#0073e6,{3A5207B7-A149-4CFF-8772-43D9DC307DC8},Duck Creek Dr & Wild Prairie Dr
48,7061,41.642966,-91.511583,Shelter,No,Yes,Trash Can Is Available,#e60073,{CC0F302A-EA65-41B8-B916-A680ECDCE839},Sycamore Mall - Entrance
97,7218,41.639276,-91.502864,Stop,No,No,Trash Can Not Available,#0073e6,{AFCD23D2-F1F2-4103-9554-7175BA345AD1},Lower Muscatine Rd @ Fairmeadows Blvd
76,7123,41.662393,-91.528819,Shelter,Solar,No,Trash Can Not Available,#0073e6,{41382433-2823-4198-B19D-12B58C309357},Jefferson St & Van Buren St
312,8338,41.649481,-91.592813,Stop,No,No,Trash Can Not Available,#0073e6,{0D635F72-0C42-4E7E-B540-708E9917D22A},Duck Creek Dr & Partridge Court
86,7204,41.661938,-91.473274,Stop,No,No,Trash Can Not Available,#0073e6,{213889D8-1FDC-4762-9FFB-4EDDB212B689},Kenneth Dr @ Anna St
78,7128,41.630405,-91.480303,Shelter,No,No,Trash Can Not Available,#0073e6,{5530653C-957B-4CA2-A1C8-601A8CC4272D},Commerce Dr & Liberty Dr
304,9101,41.698126,-91.496437,Stop,No,No,Trash Can Not Available,#0073e6,{9CEC4AD0-40D2-492B-9C9A-23C09609F0D9},Highland Pl Outbound
338,7447,41.640763,-91.533606,Stop,No,No,Trash Can Not Available,#0073e6,{FE96CECD-286F-47E2-BFFA-D45D905085AB},Gilbert St @ Southgate Ave
136,7310,41.656745,-91.502141,Stop,No,No,Trash Can Not Available,#0073e6,{B8AE438C-71A4-4234-AFAC-DFAFE10F95DD},Court and First
171,7438,41.663134,-91.497284,Stop,No,No,Trash Can Not Available,#0073e6,{4DAF84C0-0485-4808-B8D0-83E696197294},Mount Vernon Dr & Concord Cir.
101,7225,41.650891,-91.506435,Stop,No,No,Trash Can Not Available,#0073e6,{94AC9CF9-D806-4A85-9428-5341BB9321AA},Muscatine Ave & 4th Ave
337,8053,41.635561,-91.531703,Stop,No,No,Trash Can Not Available,#0073e6,{AF1A9D3B-F957-46CA-A266-988D7A50066F},South Gilbert St @ Cherry Ave
6,254,41.662651,-91.548378,Shelter,No,Yes,Trash Can Is Available,#e60073,{6C43C1E9-A4B1-40C8-BCD3-99082E4ADBA8},Newton Rd - VA Hospital
24,7013,41.649392,-91.532158,Stop,No,No,Trash Can Not Available,#0073e6,{4B67F6AD-A878-4014-9D44-9C0D43137E2F},Kirkwood Ave & Gilbert St
300,8353,41.6569,-91.5725,Stop,No,No,Trash Can Not Available,#0073e6,{F1ED46D1-BF63-48F9-B731-62BAB516389D},Melrose Ave and Finkbine Ln
37,7036,41.640667,-91.520421,Stop,No,No,Trash Can Not Available,#0073e6,{3A209A77-EB90-4B98-A390-056731CC7CE9},Broadway St 1900 Block
257,8113,41.651904,-91.55957,Stop,No,No,Trash Can Not Available,#0073e6,{0F0E12F1-DD0F-4499-8158-BD1AE15E23C1},Sunset St & Oakcrest St
45,7057,41.63634,-91.507304,Stop,No,No,Trash Can Not Available,#0073e6,{0B213DF1-BCDF-4C59-B82C-20C7D5E6FDF3},California Ave & Grantwood St
163,7426,41.666425,-91.493283,Stop,No,No,Trash Can Not Available,#0073e6,{5D071440-5322-4032-9197-53BAE7D2971E},Rochester Ave & Larch Ln.
203,7607,41.638596,-91.482935,Stop,No,No,Trash Can Not Available,#0073e6,{D7F299C1-C7E0-4E1C-A34B-F9BEC07F074B},Scott Blvd #1
293,8246,41.6505,-91.5604,Stop,No,No,Trash Can Not Available,#0073e6,{4B0956C3-68D5-4072-8271-81D21754D6F4},Benton Street & Sunset Street
6304,7418,41.665952,-91.50323,Stop,No,No,Trash Can Not Available,#0073e6,{5515BC10-F32A-4ABA-9656-A8A43C83E980},Regina Education Center
181,7501,41.6634,-91.5228,Stop,No,No,Trash Can Not Available,#0073e6,{5EECF8B1-9B52-4A9F-9459-95A9A3FAD998},Governor St & Market St
272,8204,41.661072,-91.55062,Stop,No,No,Trash Can Not Available,#0073e6,{90697614-D4C9-4E49-8BFC-E1B67390AE6C},"Hawkins Dr - UI Center for Disabilities, Dental Co"
332,8356,41.629794,-91.540657,Stop,No,No,Trash Can Not Available,#0073e6,{F00EA8E0-1492-4946-A9A5-274DC9657353},Riverside Dr and McCollister Blvd
145,7328,41.656948,-91.476536,Stop,No,No,Trash Can Not Available,#0073e6,{EF69DB19-0725-48FB-814A-BD13487C2B9E},Court St @ Court St Trail
214,8010,41.64734,-91.546656,Stop,No,No,Trash Can Not Available,#0073e6,{06CB0802-3964-44AC-B648-9DA3550321C5},Hwy 1 West & Miller Ave
35,7034,41.639026,-91.522503,Stop,No,No,Trash Can Not Available,#0073e6,{0BAC24B9-A8AA-4ED6-A16C-DDA936195AE7},Crosspark Ave - 900 Block
80,7131,41.633013,-91.482825,Shelter,No,No,Trash Can Not Available,#0073e6,{C4A6B9B6-2A61-4D12-97D5-246BE1271A68},Scott Blvd & Systems Unlimited
10319,7444,<Null>,<Null>,Stop,No,No,Trash Can Not Available,#0073e6,{49D55FC6-07B8-4A7C-84D0-81EFF6EF0F15},Benton St @ Willow Creek Park
160,7423,41.666881,-91.49979,Stop,No,No,Trash Can Not Available,#0073e6,{18483788-46F0-4EB5-8F77-10E783340C32},Rochester Ave & Post Rd
170,7437,41.660538,-91.498362,Stop,No,No,Trash Can Not Available,#0073e6,{4042F775-ACA2-460D-AD57-A9EE0FF130BD},Washington St @ Mount Vernon Dr
341,7025,41.64487,-91.532837,Stop,No,No,Trash Can Not Available,#0073e6,{43A12E6B-976B-403D-9B34-737DFFA00889},Gilbert St @ Hills Bank
133,7303,41.656732,-91.508412,Stop,No,No,Trash Can Not Available,#0073e6,{544779A0-4139-4F32-A702-3F44C5BC73AA},Court St & Morningside Dr
141,7316,41.656849,-91.49195,Shelter,No,No,Trash Can Not Available,#0073e6,{54D9FBF8-211A-45CB-86A8-230DFD1CE82F},Court St & Westminster St
317,8348,41.646087,-91.585742,Stop,No,No,Trash Can Not Available,#0073e6,{04B494FB-03E2-4935-B718-C7A3F134880E},Rohret Rd & Duck Creek Dr
289,8236,41.649672,-91.564327,Stop,No,No,Trash Can Not Available,#0073e6,{FDA08C42-5151-42B9-9FD8-6C42AEF8C7B4},Benton St - Horn Elementary
321,8331,41.64591,-91.574283,Stop,No,No,Trash Can Not Available,#0073e6,{9BBAA525-5D47-4DBC-A1A1-6D4B9A1B98E5},Mormon Trek Blvd & Rohret Rd
165,7429,41.663906,-91.486013,Stop,No,No,Trash Can Not Available,#0073e6,{3A29FD8B-4689-45DA-A5B7-2256EB61CE9F},Amhurst St & Hastings Ave
162038,8064,<Null>,<Null>,<Null>,<Null>,<Null>,Trash Can Not Available,#0073e6,{F5D728CE-86D8-45B0-B0D9-248931CE323B},Lakeside Dr @ Lombard St
162044,7120,<Null>,<Null>,<Null>,<Null>,<Null>,Trash Can Not Available,#0073e6,{F3DCEAB9-A736-4587-9157-663395B329EC},Kirkwood Community College
63,7093,41.667896,-91.532934,Stop,No,No,Trash Can Not Available,#0073e6,{B229D4BC-1EE8-4157-BAD4-AD575AD11724},Dubuque St & Church St
53,7073,41.651574,-91.536323,Stop,No,No,Trash Can Not Available,#0073e6,{1889BD73-9C47-4BDB-BE92-522BEFCEE57B},Capitol St & Benton St
70,7110,41.6494,-91.523484,Stop,No,No,Trash Can Not Available,#0073e6,{A01E6F08-F77C-47BB-89C2-FEB7D76C9FA4},Kirkwood Ave & Keokuk St
314,8347,41.645334,-91.590143,Stop,No,No,Trash Can Not Available,#0073e6,{247E84CF-C0D9-4290-80B9-6B79FAA9BD38},Rohret Rd & Hunters Run
151,7338,41.6622,-91.4688,Stop,No,No,Trash Can Not Available,#0073e6,{E0F62F51-0B36-436C-889B-AB26C28A173C},Ashford Place @ York Place
162,7425,41.666862,-91.495514,Stop,No,No,Trash Can Not Available,#0073e6,{7240BD1A-8E68-4BB3-8B49-6D639A3062D3},Mount Vernon Dr & Rochester Ave
177,7450,41.667,-91.53312,Stop,No,No,Trash Can Not Available,#0073e6,{9E924687-9467-4F1F-9604-249274CD25E5},Dubuque St & Fairchild St
266,8128,41.645604,-91.559423,Stop,No,No,Trash Can Not Available,#0073e6,{A31E7B81-7259-490B-A59D-28834DE99E6D},Sunset St & Denbigh Dr
298,8343,41.66237,-91.52449,Stop,No,No,Trash Can Not Available,#0073e6,{2A431558-4DAC-4036-A8D2-1762B09F0A09},Jefferson St. @ Lucas St.
313,8337,41.648734,-915897205,Stop,No,No,Trash Can Not Available,#0073e6,{5F33369D-F6ED-4A48-85BA-7D8535DC9FEF},Deerfield Dr & Duck Creek Dr
6305,7420,41.666406,-91.501373,Stop,No,No,Trash Can Not Available,#0073e6,{8CC10E50-F447-4175-8D04-CC4F209F1F5F},Rochester Ave @ 1st Ave
238,8084,41.681362,-91.540142,Stop,No,No,Trash Can Not Available,#0073e6,{F43D1C23-79D2-44B3-B4DF-2460B1BFDA7A},Foster Rd & Idyllwild Dr
32,7024,41.643052,-91.5336,Stop,No,No,Trash Can Not Available,#0073e6,{3FD19763-6E93-4272-8768-054A98328186},Gilbert St & Stevens Dr
227,8066,41.633402,-91.505394,Stop,No,No,Trash Can Not Available,#0073e6,{AB4977F5-7CAB-4338-8418-3B547155C4DF},Lakeside Dr @ Reagal Ln
335,8052,41.631198,-91.528867,Stop,No,No,Trash Can Not Available,#0073e6,{8F4E15CB-95F1-4C87-892C-4C0BE437EF86},Iowa River Trail @ S Gilbert St
55,7077,41.656591,-91.536372,Stop,No,No,Trash Can Not Available,#0073e6,{C4F59DB4-F4A8-4D15-81EE-C6F03380F53C},Court St & Capitol St
61,7091,41.6635,-91.533,Stop,No,No,Trash Can Not Available,#0073e6,{1A5AF27E-92AF-4874-8B2F-64D88A6CB092},Dubuque St & Market St
138,7312,41.656781,-91.500252,Stop,No,No,Trash Can Not Available,#0073e6,{57DFB613-1A57-43D2-8649-2DE88242021F},Court St & Upland Ave
158,7412,41.66388,-91.511992,Stop,No,No,Trash Can Not Available,#0073e6,{31A99646-54E7-441C-A2CC-3D4FC3395D84},Rochester Ave & 7th Ave
275,8208,41.655874,-91.559355,Stop,No,No,Trash Can Not Available,#0073e6,{2984B699-3E81-49D3-8343-DE5015BB2E49},Melrose Ave & Sunset St
83,7151,41.656249,-91.514264,Stop,No,No,Trash Can Not Available,#0073e6,{C1EF44D5-3D96-4D40-ACF7-57EB418C8453},Muscatine Ave & Rundell St
283,8218,41.663651,-91.534947,Stop,No,No,Trash Can Not Available,#0073e6,{BC6C2D13-93F3-47CD-87E1-2E48201A7A2C},Market St @ Clinton St - Old Brick
333,7452,41.628007,-91.528109,Stop,No,No,Trash Can Not Available,#0073e6,{C0FCA6B7-DC94-40A2-B3AB-870DCBBC39C6},McCollister Blvd @ S Gilbert St
40,7040,41.661214,-91.540482,Stop,No,No,Trash Can Not Available,#0073e6,{C4637A3C-1D53-4B7D-B58B-AE0EBF70B0D2},Iowa Ave - English Philosophy Building
204,7609,41.645171,-91.483082,Stop,No,No,Trash Can Not Available,#0073e6,{E831F023-8667-483C-A2F0-2C7B9CA0A877},Wellington Dr & Scott Blvd
161,7424,41.667054,-91.495644,Stop,No,No,Trash Can Not Available,#0073e6,{82025AB9-CCA5-4F8A-B6CB-4351DFF3A7E7},Rochester Ave & Mount Vernon Dr
99,7220,41.675737,-91.519787,Stop,No,No,Trash Can Not Available,#0073e6,{40CA1075-5F1E-4328-9E33-30710C85B06C},7 North Dodge @ Hy-Vee
172,7439,41.665082,-91.496543,Stop,No,No,Trash Can Not Available,#0073e6,{1C596956-932E-46F8-8608-82CA371E631F},Mount Vernon Dr 300 Block
107,7236,41.65671,-91.511697,Stop,No,No,Trash Can Not Available,#0073e6,{A3896326-C93F-4004-B8AE-A3B719F7CEA9},Court St & 7th Ave
109,7238,41.6486,-91.5593,Stop,No,No,Trash Can Not Available,#0073e6,{C1285C12-0A5F-479C-967F-2D725205A054},Sunset St @ Arbury Dr
182,7502,41.6656,-91.5227,Stop,No,No,Trash Can Not Available,#0073e6,{FA9C7F76-9B0E-47C5-9E98-75C3E5CF6D64},Governor St & Davenport St
296,8282,41.676764,-91.50384,Stop,No,No,Trash Can Not Available,#0073e6,{FA1D434D-34BC-4702-8E17-E68C752B9BE7},Oaknoll East
38,7038,41.63695,-91.518465,Stop,No,No,Trash Can Not Available,#0073e6,{AD444E9A-E5FE-46DC-AC4A-5D4DB12F3273},Sandusky Dr & Taylor Dr
139,7314,41.656816,-91.497029,Stop,No,No,Trash Can Not Available,#0073e6,{259A4F18-C070-458E-89B3-4C697BF7C4C1},Court St & Terrace Rd
140,7314,41.656816,-91.497029,Stop,No,No,Trash Can Not Available,#0073e6,{94E916DB-913D-44E1-AE25-8467BF790627},Court St & Terrace Rd
178,7453,41.663733,-91.533146,Stop,No,No,Trash Can Not Available,#0073e6,{7CC812D5-94B4-4149-8AE7-BAAF15F2C41C},Dubuque St & Market St
210,8002,41.653794,-91.540566,Stop,No,No,Trash Can Not Available,#0073e6,{5D6E0FDB-CC5A-40A6-8945-AD7F06DF5CB8},Riverside Dr & Myrtle Ave
185,7506,41.674192,-91.523045,Stop,No,No,Trash Can Not Available,#0073e6,{2D5D783B-143B-43BD-8C64-89F49D89BCB0},Governor St & North Dodge St
234,8079,41.681166,-91.537754,Stop,No,No,Trash Can Not Available,#0073e6,{D826F93F-C7B0-48E8-BCA0-90C99D727FC4},Foster Rd & Laura Dr
10311,8333,<Null>,<Null>,Stop,No,No,Trash Can Not Available,#0073e6,{C3C3F91D-A92E-47D5-BABC-A294FA64F251},Jensen St @ Jensen Court
162046,8342,<Null>,<Null>,<Null>,<Null>,<Null>,Trash Can Not Available,#0073e6,{156A652D-48A4-4785-B376-209C799DC57F},Dubuque St @ Park Rd
188,7511,41.68011,-91.51058,Stop,No,No,Trash Can Not Available,#0073e6,{6C54E444-CDD6-41ED-8983-4AC5865758F0},Iowa City Community School District Office
10316,9102,<Null>,<Null>,Stop,No,No,Trash Can Not Available,#0073e6,{323ED519-4B3A-4203-A2EC-EFDE587DAB4A},Highlander Hotel
44,7055,41.635306,-91.50299,Stop,No,No,Trash Can Not Available,#0073e6,{0AF20569-5161-4BA3-9686-8EBCFBB98BB0},Miami Dr & California Ave
226,8063,41.635333,-91.517921,Stop,No,No,Trash Can Not Available,#0073e6,{ED62FC23-E90A-4CC5-9FDE-48B9FC038929},Burns Ave @ Taylor Dr
316,8336,41.646194,-91.585729,Stop,No,No,Trash Can Not Available,#0073e6,{B09E14B7-05B3-4B7B-89A5-DF70B6DB33BB},Rohret Rd & Duck Creek Dr
10313,8332,<Null>,<Null>,Stop,No,No,Trash Can Not Available,#0073e6,{2DFE9EB2-4A0F-48A7-95BB-000F23793862},Coll Dr @ Coll Court
183,7503,41.6681,-91.5227,Stop,No,No,Trash Can Not Available,#0073e6,{E0E57CC3-AE5B-4B26-91A6-877575F38BEF},Governor St & Church St
252,8306,41.67094,-91.532844,Stop,No,No,Trash Can Not Available,#0073e6,{D48D8F21-F48E-4DFD-9831-A24782D5DFDA},Dubuque St @ Park Rd
278,8211,41.656058,-91.566474,Stop,No,No,Trash Can Not Available,#0073e6,{3A220F54-354E-468B-89E5-FE3DDFB90E73},Melrose Ave & Westgate St
305,9103,41.689215,-91.49635,Stop,No,No,Trash Can Not Available,#0073e6,{DCF66B7E-937C-4D21-8421-3915860B346D},Highland Pl Inbound
276,8209,41.655844,-91.564347,Stop,No,No,Trash Can Not Available,#0073e6,{0523A8E9-CA9E-4053-9F1E-CCE8453830B4},Melrose Ave & Emerald St
334,7449,41.628479,-91.527475,Stop,No,No,Trash Can Not Available,#0073e6,{E5BA9F9C-2DEA-4756-B288-AEC00D74227A},S. Gilbert St @ McCollister Blvd
156,7405,41.662861,-91.519389,Stop,No,No,Trash Can Not Available,#0073e6,{ECD35282-1723-4AC0-B2ED-364C87F865B3},Clapp St & Hotz Ave
184,7504,41.67,-91.5227,Stop,No,No,Trash Can Not Available,#0073e6,{75C73D71-E412-4359-9C61-C94A8D223939},Governor St & Brown St
10318,7240,<Null>,<Null>,Stop,No,No,Trash Can Not Available,#0073e6,{AC840EED-7BDB-43B3-8C24-1FF241E07A83},Benton St @ Spencer Dr
216,8013,41.645124,-91.553658,Stop,No,No,Trash Can Not Available,#0073e6,{76ACAF53-4368-4295-A0EE-71600B44E6F4},Westport Plaza 1
220,8056,41.66389,-91.515896,Stop,No,No,Trash Can Not Available,#0073e6,{A7CC3EDC-FD48-4B39-90D8-A0A9A788C3E3},Rochester Ave @ Parsons Ave.
225,8062,41.635341,-91.511876,Stop,No,No,Trash Can Not Available,#0073e6,{AD5E1F8D-FD54-4CB0-9B9D-36F6DA79EC83},Burns Ae @ Sycameore St
46,7058,41.6362,-91.5115,Stop,No,No,Trash Can Not Available,#0073e6,{10A6A083-06D9-4E0E-B8CE-F5AF7301A8C5},California Ave & Sycamore St
49,7069,41.665728,-91.532976,Stop,No,No,Trash Can Not Available,#0073e6,{942CDE49-1A27-47CC-A1B2-7CAB13F1333A},Dubuque St & Davenport St
72,7114,41.6494,-91.515841,Stop,No,No,Trash Can Not Available,#0073e6,{2D72D149-DB34-4821-B80F-E2668379123E},Kirkwood Ave & Franklin St
143,7319,41.657096,-91.48474,Stop,No,No,Trash Can Not Available,#0073e6,{400DB86F-3E6C-4594-AAEC-A3F2639E3CE7},Friendship St & Court St
336,7448,41.631575,-91.529289,Stop,No,No,Trash Can Not Available,#0073e6,{AB406664-24DB-40BF-A178-B2A5B934B59D},Gilbert St @ Napoleon Lane
255,8111,41.653271,-91.559619,Stop,No,No,Trash Can Not Available,#0073e6,{CD13F329-407B-45B6-801D-479DFBCC3BDC},Sunset St & Marietta Ave
6306,7422,41.666811,-91.499701,Stop,No,No,Trash Can Not Available,#0073e6,{EFA761D0-2ECC-4CC2-8E65-A326E0D3F5CB},Rochester Ave @ Post Rd
104,7231,41.653916,-91.504825,Stop,No,No,Trash Can Not Available,#0073e6,{1B23165C-075A-4B74-9631-433F86F0B755},3rd Ave & Friendship St
125,7260,41.647535,-91.498784,Stop,No,No,Trash Can Not Available,#0073e6,{CAB3D07B-3769-4E75-8772-DA7D0AC36118},William St & Wayne Ave @ South East Jr. High
189,7512,41.681116,-91.508184,Stop,No,No,Trash Can Not Available,#0073e6,{CCECA69A-4AB4-449A-B18F-C02957A081D6},North Dodge St & Scott Blvd
62,7092,41.651205,-91.501932,Stop,No,No,Trash Can Not Available,#0073e6,{2AAF0958-444B-4B70-B94D-EC0D7B77DC20},1st Ave @ Hy Vee
6303,1477,41.6637,-91.5075,Stop,No,No,Trash Can Not Available,#0073e6,{6C7C7C7D-0BC8-4FA3-8B2D-0B50C768A727},Rochester Ave @ Ashwood Dr
60,7082,41.642488,-91.510239,Stop,No,No,Trash Can Not Available,#0073e6,{1FF740B7-F641-47D4-8F33-5B4218E36F72},Iowa City Marketplace
279,8213,41.6563,-91.5691,Stop,No,No,Trash Can Not Available,#0073e6,{ABFCBC67-A74A-4AB6-83D9-2F525FFB3B03},Melrose Ave & Macbride Rd
307,9100,41.680272,-91.507178,Stop,No,No,Trash Can Not Available,#0073e6,{372A6505-AA3A-430F-B3A6-0E8F27D8E9ED},N Dubuque @ Scott Blvd
5,253,41.662693,-91.548658,Shelter,No,No,Trash Can Not Available,#0073e6,{F9CDA0E8-7DCB-472D-8AA7-AEAC34C636D6},Newton Rd - VA Hospital
187,7510,41.6799,-91.5108,Stop,No,No,Trash Can Not Available,#0073e6,{8D02717A-A3C3-4455-A1AE-45B7754E2EB6},Iowa City Community School District Office
241,8087,41.679403,-91.55318,Stop,No,No,Trash Can Not Available,#0073e6,{C2A1B298-06A7-417B-A793-82565CD34068},Foster Rd 900 Block
1,1,41.660199,-91.535049,Stop,No,Yes,Trash Can Is Available,#e60073,{871F65AD-7D6D-4F0D-A667-E3713D1D267C},Downtown Interchange
2,2,41.660046,-91.535299,Stop,No,Yes,Trash Can Is Available,#e60073,{BEBDC9D1-61AE-427E-987F-5596047F242B},Downtown Interchange
11,1514,41.657745,-91.524474,Stop,No,No,Trash Can Not Available,#0073e6,{665DDC4B-CE8A-45EB-A0E2-E808D10C648C},Burlington St & Lucas St
19,7008,41.653993,-91.530135,Stop,No,No,Trash Can Not Available,#0073e6,{3075A00D-62DD-4940-A4F8-C3FA0E6377FA},Gilbert St @ Bowery St
79,7130,41.630881,-91.482951,Stop,No,No,Trash Can Not Available,#0073e6,{1FDA9068-1141-47F1-9D49-45E5C88DE666},ACT
105,7233,41.654715,-91.509672,Stop,No,No,Trash Can Not Available,#0073e6,{E1A78DC3-117E-48B2-B956-A4D3C1446C1D},Friendship St & Garden St
106,7235,41.656676,-91.511544,Stop,No,No,Trash Can Not Available,#0073e6,{AC5AAA96-E928-4BAA-99CE-CCBFFF8B4BFF},7th Ave & Court St
164,7427,41.666834,-91.487043,Stop,No,No,Trash Can Not Available,#0073e6,{A2E866F8-7E79-46F5-A75B-878405B04DDB},Amhurst St & Lower West Branch Rd
166,7432,41.660259,-91.483923,Stop,No,No,Trash Can Not Available,#0073e6,{52CD43E0-BE63-4DFB-909B-245E961CB749},Amhurst St & Washington St
192,7520,41.6768,-91.5169,Stop,No,No,Trash Can Not Available,#0073e6,{66473EB3-7CEB-41E9-9747-04E6A0625B1B},North Dodge St @ Hy Vee #2
198,7600,41.642513,-91.504691,Stop,No,No,Trash Can Not Available,#0073e6,{E64239FA-F5D2-4D95-9861-E27417F1AF2C},Eastdale Plaza
199,7602,41.659054,-91.508608,Stop,No,No,Trash Can Not Available,#0073e6,{8F16B5F7-6536-490B-8211-02B600A71B03},City High School
200,7603,41.6535,-91.4701,Stop,No,No,Trash Can Not Available,#0073e6,{8AE918E2-D10C-4865-A183-2915CB3C109E},Arlington Dr & Canterbury Court
201,7604,41.6478,-91.4691,Stop,No,No,Trash Can Not Available,#0073e6,{A885F922-F8DE-4822-A8CA-0FEC7FDD3E73},Arlington Dr & American Legion Rd
202,7605,41.64984,-91.482034,Stop,No,No,Trash Can Not Available,#0073e6,{FAA158B7-368F-4FCB-A7ED-FCF5B0EEA295},American Legion Rd @ Scott Blvd
295,8274,41.638175,-91.48282,Stop,No,No,Trash Can Not Available,#0073e6,{50AD0DBC-3F02-4098-8A41-A28534E96B66},Scott Blvd & Sunrise Trailer Park
302,8355,41.6452,-91.5019,Stop,No,No,Trash Can Not Available,#0073e6,{42893219-9E5D-4010-AD6D-5311A3297270},1st Ave @ South East Junior High
330,2041,41.663061,-91.554166,Stop,No,No,Trash Can Not Available,#0073e6,{592A823F-1F02-40B8-9DBF-987EF93B9CCA},Carver Hawkeye Arena
331,8202,41.662922,-91.55401,Stop,No,No,Trash Can Not Available,#0073e6,{28B804D2-4F02-4311-84DA-4747AD7DB44F},Elliot St @ Carver Hawkeye Arena
6308,7415,41.66377,-91.508343,Stop,No,No,Trash Can Not Available,#0073e6,{A3CFD849-6B47-44AF-A5C1-EAF6C019BD68},Rochester Ave @ Windsor Court
6309,7413,41.663962,-91.511674,Stop,No,No,Trash Can Not Available,#0073e6,{33D8E46C-9461-4FE4-863A-34A8E4B7EFC3},Rochester Ave @ 7th Ave
